Name, Age, Designation, Salary, Email
Alice, 30, Manager, 75000, alice@.com
Bob, 28, Engineer, 60000, bob@gmail.com
Carol, 35, Analyst, 65000, carol@gmail
David, 42, Director, 100000, david@gmail.com
Emily, 26, Developer, 55000, emily@gnal.com
Frank, 31, Designer, 70000, frank@.com
Grace, 29, Coordinator, 58000, grace@gmall.com
Henry, 37, Consultant, 80000, henry@gmail.com
Isabella, 33, Scientist, 90000, isabella@gmail
Jack, 24, Intern, 40000, jack@gmail.com
Liam, 23, Researcher, 62000, liam@gmail.com
Olivia, 27, Marketing Specialist, 58000, olivia@gmail.com
Noah, 32, Product Manager, 85000, noah@gmail.com
Emma, 25, Data Analyst, 59000, emma@gmail.com
William, 34, Sales Representative, 72000, william@.com
Sophia, 28, UX Designer, 67000, sophia@gmail.com
Ethan, 31, Financial Analyst, 69000, ethan@g.com
Ava, 29, HR Manager, 62000, ava@gmail.com
James, 36, Operations Manager, 88000, james@gmail
Mia, 26, Software Engineer, 72000, mia@.com
Alice, 30, Manager, 75000, alice@gmail.com
Bob, 28, Engineer, 60000, bob@gmail.com
Carol, 35, Analyst, 65000, carol@gmail.com
David, 42, Director, 100000, david@gmail.com
Emily, 26, Developer, 55000, emily@gma.com
Frank, 31, Designer, 70000, frank@gmail.com
Grace, 29, Coordinator, 58000, grace@gmail.com
Henry, 37, Consultant, 80000, henry@gmail.com
Isabella, 33, Scientist, 90000, isabella@gmail
Jack, 24, Intern, 40000, jack@gmail.com
Liam, 23, Researcher, 62000, liam@gmail.com
Olivia, 27, Marketing Specialist, 58000, olivia@gmail.com
Noah, 32, Product Manager, 85000, noah@gmail.com
Emma, 25, Data Analyst, 59000, emma@gmail.com
William, 34, Sales Representative, 72000, william@gmail.com
Sophia, 28, UX Designer, 67000, sophia@gmail.com
Ethan, 31, Financial Analyst, 69000, ethan@gmail.com
Ava, 29, HR Manager, 62000, ava@gmail.com
James, 36, Operations Manager, 88000, james@gmail.com
Mia, 26, Software Engineer, 72000, mia@gmail.com
Alice, 30, Manager, 75000, alice@gmail.com
Bob, 28, Engineer, 60000, bob@gmail.com
Carol, 35, Analyst, 65000, carol@gmail.com
David, 42, Director, 100000, david@gmail.com
Emily, 26, Developer, 55000, emily@gmail.com
Frank, 31, Designer, 70000, frank@gmail.com
Grace, 29, Coordinator, 58000, grace@gmail.com
Henry, 37, Consultant, 80000, henry@gmail.com
Isabella, 33, Scientist, 90000, isabella@.com
Jack, 24, Intern, 40000, jack@gnail.com
Liam, 23, Researcher, 62000, liam@gmail.com
Olivia, 27, Marketing Specialist, 58000, olivia@gmail.com
Noah, 32, Product Manager, 85000, noah@gmail.com
Emma, 25, Data Analyst, 59000, emma@gmail
William, 34, Sales Representative, 72000, william@gmail.com
Sophia, 28, UX Designer, 67000, sophia@gmail.com
Ethan, 31, Financial Analyst, 69000, ethan@.com
Ava, 29, HR Manager, 62000, ava@gmail.com
James, 36, Operations Manager, 88000, james@
Mia, 26, Software Engineer, 72000, mia@gmail.com
Nathan, 33, Project Manager, 78000, nathan
